ID,Content,Author,Likes,Shares,DateTime
8,Lorem ipsum dolor sit amet, consectetur adipiscing elit.,Author6,30,5,2023-10-17
9,Sed ac lectus vel nunc consectetur scelerisque.,Author7,25,6,2023-10-17
10,Nulla facilisi. Sed eget enim eu purus egestas vehicula.,Author8,55,12,2023-10-17
11,Fusce eget quam at felis euismod tristique.,Author9,38,8,2023-10-18
12,Pellentesque habitant morbi tristique senectus et netus et malesuada fames ac turpis egestas.,Author10,65,15,2023-10-18
13,Cras nec urna et quam laoreet finibus id in justo.,Author11,42,9,2023-10-18
14,Vivamus dapibus ex at ultricies.,Author12,28,4,2023-10-19
15,Quisque sit amet justo in libero hendrerit vestibulum.,Author13,33,7,2023-10-19
16,Proin non tincidunt dui.,Author14,19,3,2023-10-19
17,Mauris id eros nec risus vestibulum feugiat nec eget arcu.,Author15,50,11,2023-10-20
18,Etiam at libero sit amet neque facilisis imperdiet.,Author16,37,8,2023-10-20
19,Duis eu neque eu lorem suscipit vehicula.,Author17,27,6,2023-10-20
20,In hac habitasse platea dictumst.,Author18,22,4,2023-10-21
21,Aenean vehicula, massa in bibendum interdum, ligula ex rhoncus tortor, non gravida metus nunc vel quam.,Author19,48,10,2023-10-21
22,Suspendisse potenti. Vivamus varius, purus ac vehicula vehicula, odio enim faucibus metus, eu eleifend nisi risus id justo.,Author20,62,13,2023-10-21
23,Nam efficitur justo quis felis iaculis, in tempus justo gravida.,Author21,40,9,2023-10-22
24,Phasellus convallis dui id ligula facilisis, a eleifend ligula consequat.,Author22,29,6,2023-10-22
25,Donec vulputate dolor eu lectus malesuada, non rhoncus nunc cursus.,Author23,35,7,2023-10-22
26,Sed at neque eget quam tincidunt facilisis.,Author24,31,5,2023-10-23
27,Proin eleifend, elit eget egestas commodo, ligula nisi consectetur justo, eu aliquet augue ex ac purus.,Author25,46,10,2023-10-23
28,Aliquam eget dolor nec purus dictum scelerisque.,Author26,25,4,2023-10-23
29,Nullam non neque ut mi placerat semper.,Author27,20,3,2023-10-24
30,Phasellus non risus id enim egestas viverra.,Author28,18,2,2023-10-24
31,In bibendum facilisis lorem, nec dapibus orci ultrices nec.,Author29,32,6,2023-10-24
32,Pellentesque lacinia dapibus purus, sit amet malesuada justo aliquam sit amet.,Author30,27,5,2023-10-25
33,Etiam eget odio sed nulla consequat vehicula.,Author31,14,2,2023-10-25
34,Morbi eleifend, ante eget efficitur condimentum, odio velit euismod metus, in sagittis purus odio vel quam.,Author32,55,11,2023-10-25
35,Mauris pharetra leo a tincidunt euismod.,Author33,38,7,2023-10-26
36,Vestibulum euismod orci et elit lobortis malesuada.,Author34,42,8,2023-10-26
37,Aenean a ex at libero ultricies consectetur.,Author35,23,4,2023-10-26
38,Donec suscipit nunc nec ex rhoncus, ac congue tortor tincidunt.,Author36,29,5,2023-10-27
39,Sed vehicula libero at erat pharetra, a egestas tortor scelerisque.,Author37,33,6,2023-10-27
40,Mauris rhoncus metus nec dapibus congue.,Author38,19,3,2023-10-27
41,In hac habitasse platea dictumst.,Author39,25,4,2023-10-28
42,Sed id mi non libero facilisis bibendum.,Author40,16,2,2023-10-28
43,Praesent volutpat ultrices eros, a pharetra nunc malesuada vel.,Author41,22,3,2023-10-28
44,Nunc et elit a justo efficitur feugiat nec eget libero.,Author42,37,7,2023-10-29
45,Fusce eget neque in erat posuere congue ac eu dui.,Author43,28,5,2023-10-29
46,Nullam fringilla elit sit amet ante gravida, a viverra ante tincidunt.,Author44,30,6,2023-10-29
47,Proin eget dui ut libero convallis convallis.,Author45,41,8,2023-10-30
48,Aenean a lectus ut nulla cursus viverra.,Author46,14,2,2023-10-30
49,In et nisl ut erat suscipit rhoncus a eu odio.,Author47,18,3,2023-10-30
50,Phasellus tincidunt turpis quis urna hendrerit, non vulputate augue volutpat.,Author48,35,7,2023-10-31
51,Aliquam ultrices lorem id lectus gravida bibendum.,Author49,22,4,2023-
41,In hac habitasse platea dictumst.,Author39,25,794,2023-10-28
42,Sed id mi non libero facilisis bibendum.,Author40,16,1256,2023-10-28
43,Praesent volutpat ultrices eros, a pharetra nunc malesuada vel.,Author41,22,980,2023-10-28
44,Nunc et elit a justo efficitur feugiat nec eget libero.,Author42,37,563,2023-10-29
45,Fusce eget neque in erat posuere congue ac eu dui.,Author43,28,1347,2023-10-29
46,Nullam fringilla elit sit amet ante gravida, a viverra ante tincidunt.,Author44,30,1099,2023-10-29
47,Proin eget dui ut libero convallis convallis.,Author45,41,842,2023-10-30
48,Aenean a lectus ut nulla cursus viverra.,Author46,14,295,2023-10-30
49,In et nisl ut erat suscipit rhoncus a eu odio.,Author47,18,603,2023-10-30
50,Phasellus tincidunt turpis quis urna hendrerit, non vulputate augue volutpat.,Author48,35,789,2023-10-31
51,Aliquam ultrices lorem id lectus gravida bibendum.,Author49,22,1146,2023-10-31
52,Curabitur auctor eleifend ipsum, a pellentesque nisi vestibulum nec.,Author50,26,431,2023-10-31
53,Morbi vitae metus eget lectus volutpat elementum.,Author51,29,632,2023-11-01
54,Suspendisse potenti. Sed tincidunt id purus non vulputate.,Author52,31,915,2023-11-01
55,Vivamus vel est eget libero cursus vulputate.,Author53,27,277,2023-11-01
56,Donec euismod, ligula ac laoreet dignissim, enim lorem aliquam metus, a dapibus nunc justo auctor quam.,Author54,44,1188,2023-11-02
57,Nulla facilisi. Sed ac libero quis velit tincidunt ullamcorper.,Author55,19,849,2023-11-02
58,In sit amet purus quis ligula dapibus scelerisque.,Author56,21,1202,2023-11-02
59,Etiam nec tortor vitae leo facilisis lacinia.,Author57,33,1155,2023-11-03
60,Cras sed justo et ex luctus rhoncus.,Author58,40,222,2023-11-03
61,Pellentesque vehicula mi eu tellus laoreet, in tincidunt quam vestibulum.,Author59,22,1354,2023-11-03
62,Nullam sed lorem non velit cursus efficitur.,Author60,28,732,2023-11-04
63,Fusce euismod ex in arcu dictum, id vehicula tellus feugiat.,Author61,24,610,2023-11-04
64,Proin in risus auctor, ullamcorper urna eu, tristique urna.,Author62,37,1368,2023-11-04
65,Etiam at purus vel quam malesuada dapibus.,Author63,15,419,2023-11-05
66,Quisque bibendum ante et erat iaculis, nec laoreet enim congue.,Author64,27,846,2023-11-05
67,Aenean sit amet quam vel libero luctus hendrerit id non odio.,Author65,32,934,2023-11-05
68,Vestibulum euismod nec turpis non cursus.,Author66,26,1297,2023-11-05
69,Mauris sed tortor a tellus malesuada aliquam.,Author67,19,562,2023-11-06
70,Donec vehicula diam nec sapien aliquam, eu malesuada justo hendrerit.,Author68,43,971,2023-11-06
71,Suspendisse potenti. Morbi ac cursus arcu.,Author69,37,748,2023-11-06
72,In efficitur eros eget justo elementum bibendum.,Author70,24,1150,2023-11-07
73,Phasellus id magna vitae libero pellentesque rhoncus.,Author71,30,1002,2023-11-07
74,Vivamus vitae leo vel purus ultrices pellentesque.,Author72,34,316,2023-11-07
75,Nulla a ipsum eget urna facilisis feugiat in in elit.,Author73,15,573,2023-11-08
76,Morbi eu magna nec libero tincidunt posuere.,Author74,20,1096,2023-11-08
77,Aenean eget est in elit facilisis congue vel eu odio.,Author75,29,1289,2023-11-08
78,Etiam eget sapien vel nisi facilisis efficitur.,Author76,22,1204,2023-11-09
79,Quisque volutpat enim sit amet est ultrices, nec tristique arcu venenatis.,Author77,18,962,2023-11-09
80,Mauris tincidunt dui nec ligula vestibulum, vel tincidunt risus luctus.,Author78,35,1247,2023-11-09
81,Pellentesque habitant morbi tristique senectus et netus et malesuada fames ac turpis egestas.,Author79,40,1433,2023-11-10
82,Nulla vel diam quis libero bibendum semper.,Author80,23,1350,2023-11-10
83,Cras euismod scelerisque sapien, at eleifend purus tristique a.,Author81,17,498,2023-11-10
84,Proin dignissim augue at ante feugiat facilisis.,Author82,14,1007,2023-11-11
85,Aenean vitae turpis nec lorem viverra fringilla.,Author83,30,1179,2023-11-11
86,Donec id libero id quam volutpat vehicula eget sed odio.,Author84,27,1402,2023-11-11
87,In ultricies quam non velit malesuada, at elementum dolor auctor.,Author85,39,983,2023-11-12
88,Phasellus vel justo vel sem mattis sagittis eu a libero.,Author86,16,1170,2023-11-12
89,Vivamus lacinia odio vitae vestibulum.,Author87,15,1111,2023-11-12
90,Sed ac lectus vel nunc consectetur scelerisque.,Author88,45,1483,2023-11-13
91,Curabitur blandit tempus porttitor.,Author89,40,899,2023-11-13
92,Maecenas sed diam eget risus varius blandit sit amet non magna.,Author90,20,623,2023-11-13
93,Quisque bibendum ante et erat iaculis, nec laoreet enim congue.,Author91,35,1359,2023-11-14
94,Aenean sit amet quam vel libero luctus hendrerit id non odio.,Author92,38,1438,2023-11-14
95,Vestibulum euismod nec turpis non cursus.,Author93,27,982,2023-11-14
96,Mauris sed tortor a tellus malesuada aliquam.,Author94,22,723,2023-11-15
97,Donec vehicula diam nec sapien aliquam, eu malesuada justo hendrerit.,Author95,32,1115,2023-11-15
98,Suspendisse potenti. Morbi ac cursus arcu.,Author96,29,1432,2023-11-15
99,In efficitur eros eget justo elementum bibendum.,Author97,40,1186,2023-11-16
100,Phasellus id magna vitae libero pellentesque rhoncus.,Author98,26,1374,2023-11-16
101,Vivamus vitae leo vel purus ultrices pellentesque.,Author99,33,1327,2023-11-16

